Workbook

Sheet summary
A1: location | B1: (Multiple Items)
A3: Count | B3: Column Labels
A4: Row Labels | B4: 2000 | C4: 2005 | D4: 2006 | E4: 2007 | F4: 2008 | G4: 2009 | H4: 2010 | I4: 2011 | J4: 2012 | K4: 2013 | L4: 2014 | M4: 2015 | N4: 2016 | O4: 2018 | P4: 2019 | Q4: 2020 | R4: 2021 | S4: Grand Total
A5: ISO | B5: 5 | C5: 1 | E5: 3 | L5: 23 | M5: 5 | O5: 7 | P5: 9 | Q5: 1 | S5: 54
A6: adult | C6: 1 | E6: 3 | O6: 7 | S6: 11
A7: juvenile | B7: 5 | L7: 23 | M7: 5 | P7: 9 | Q7: 1 | S7: 43
A8: BCS | C8: 4 | D8: 37 | E8: 35 | F8: 6 | G8: 19 | H8: 29 | I8: 11 | J8: 80 | K8: 22 | L8: 19 | M8: 3 | N8: 1 | O8: 4 | P8: 2 | Q8: 1 | R8: 18 | S8: 291
A9: adult | C9: 4 | D9: 37 | E9: 35 | F9: 6 | G9: 19 | H9: 29 | I9: 11 | J9: 80 | K9: 22 | L9: 19 | M9: 3 | N9: 1 | O9: 4 | P9: 2 | Q9: 1 | R9: 18 | S9: 291
A10: Grand Total | B10: 5 | C10: 5 | D10: 37 | E10: 38 | F10: 6 | G10: 19 | H10: 29 | I10: 11 | J10: 80 | K10: 22 | L10: 42 | M10: 8 | N10: 1 | O10: 11 | P10: 11 | Q10: 2 | R10: 18 | S10: 345

Sheet sample_list
A1: lab_id | B1: location | C1: age_class | D1: year | E1: project_code | F1: site_id | G1: collect_date | H1: run | I1: fork_length | J1: petro_no | K1: don’t run | L1: notes | M1: assignment
A2: CNH00154 | B2: Coleman Hatchery | C2: juvenile | D2: 2000 | E2: ISO | F2: Coleman Hatchery | J2: CNHA1 | M2: =VLOOKUP(A2,assignments!A:Y,3,FALSE) -> #N/A
A3: CNH00185 | B3: Coleman Hatchery | C3: juvenile | D3: 2000 | E3: ISO | F3: Coleman Hatchery | J3: CNHA2 | M3: =VLOOKUP(A3,assignments!A:Y,3,FALSE) -> #N/A
A4: CNH00165 | B4: Coleman Hatchery | C4: juvenile | D4: 2000 | E4: ISO | F4: Coleman Hatchery | J4: CNHA3 | M4: =VLOOKUP(A4,assignments!A:Y,3,FALSE) -> #N/A
A5: CNH00265 | B5: Coleman Hatchery | C5: juvenile | D5: 2000 | E5: ISO | F5: Coleman Hatchery | J5: CNHA4 | M5: =VLOOKUP(A5,assignments!A:Y,3,FALSE) -> #N/A
A6: CNH00275 | B6: Coleman Hatchery | C6: juvenile | D6: 2000 | E6: ISO | F6: Coleman Hatchery | J6: CNHA5 | M6: =VLOOKUP(A6,assignments!A:Y,3,FALSE) -> #N/A
A7: AL040814-2 | B7: Coleman Hatchery | C7: juvenile | D7: 2014 | E7: ISO | F7: Coleman Hatchery | G7: 41737 | H7: fall | I7: 65 | J7: IJC15 | M7: =VLOOKUP(A7,assignments!A:Y,3,FALSE) -> #N/A
A8: YR19006 | B8: yuba river | C8: juvenile | D8: 2019 | E8: ISO | F8: Hallwood Blvd | G8: 43577 | H8: fall | I8: 49 | J8: DMDD11 | K8: x | V8: SC_06_50016E | W8: 2006 | X8: BAT
A9: YR19008 | B9: yuba river | C9: juvenile | D9: 2019 | E9: ISO | F9: Hallwood Blvd | G9: 43577 | H9: fall | I9: 43 | J9: DMDE01 | K9: x | V9: SC_06_50017E | W9: 2006 | X9: FEA
A10: YR19001 | B10: yuba river | C10: juvenile | D10: 2019 | E10: ISO | F10: Hallwood Blvd | G10: 43577 | H10: fall | I10: 62 | J10: DMDF12 | K10: x | V10: SC_06_50018E | W10: 2006 | X10: CNH
A11: YR19004 | B11: yuba river | C11: juvenile | D11: 2019 | E11: ISO | F11: Hallwood Blvd | G11: 43577 | H11: fall | I11: 47 | J11: DMDF22 | K11: x | V11: SC_06_50019E | W11: 2006 | X11: DEE
A12: YR19003 | B12: yuba river | C12: juvenile | D12: 2019 | E12: ISO | F12: Hallwood Blvd | G12: 43577 | H12: fall | I12: 47 | J12: DMDH01 | K12: x | V12: SC_06_50020E | W12: 2006 | X12: DEE
A13: YR19009 | B13: yuba river | C13: juvenile | D13: 2019 | E13: ISO | F13: Hallwood Blvd | G13: 43577 | H13: fall | I13: 42 | J13: DMDH20 | K13: x | V13: SC_06_50023E | W13: 2006 | X13: BAT
A14: YR19005 | B14: yuba river | C14: juvenile | D14: 2019 | E14: ISO | F14: Hallwood Blvd | G14: 43577 | H14: fall | I14: 51 | J14: DMDJ22 | K14: x | V14: SC_06_50024E | W14: 2006 | X14: BAT
A15: YR19007 | B15: yuba river | C15: juvenile | D15: 2019 | E15: ISO | F15: Hallwood Blvd | G15: 43577 | H15: fall | I15: 51 | J15: DMDL14 | K15: x | V15: SC_06_50025E | W15: 2006 | X15: BAT
A16: YR19010 | B16: yuba river | C16: juvenile | D16: 2019 | E16: ISO | F16: Hallwood Blvd | G16: 43577 | H16: fall | I16: 36 | J16: DMDL23 | K16: x | V16: SC_06_50026E | W16: 2006 | X16: BUT
A17: YR19002 | B17: yuba river | C17: juvenile | D17: 2019 | E17: ISO | F17: Hallwood Blvd | G17: 43577 | H17: fall | I17: 53 | J17: DMDO17 | K17: x | V17: SC_06_50027E | W17: 2006 | X17: CNH
A18: AL041514-2 | B18: Coleman Hatchery | C18: juvenile | D18: 2014 | E18: ISO | F18: Coleman Hatchery | G18: 41744 | H18: fall | I18: 70 | J18: IJC6 | M18: =VLOOKUP(A18,assignments!A:Y,3,FALSE) -> #N/A
A19: AL040814-1 | B19: Coleman Hatchery | C19: juvenile | D19: 2014 | E19: ISO | F19: Coleman Hatchery | G19: 41737 | H19: fall | I19: 73 | J19: IJC8 | M19: =VLOOKUP(A19,assignments!A:Y,3,FALSE) -> #N/A
A20: CNH2015-2 | B20: Coleman Hatchery | C20: juvenile | D20: 2015 | E20: ISO | F20: Coleman Hatchery | G20: 42192 | I20: 88 | J20: IJC1 | M20: =VLOOKUP(A20,assignments!A:Y,3,FALSE) -> #N/A
A21: CNH2015-4 | B21: Coleman Hatchery | C21: juvenile | D21: 2015 | E21: ISO | F21: Coleman Hatchery | G21: 42192 | I21: 95 | J21: IJC14 | M21: =VLOOKUP(A21,assignments!A:Y,3,FALSE) -> #N/A
A22: CNH2015-6 | B22: Coleman Hatchery | C22: juvenile | D22: 2015 | E22: ISO | F22: Coleman Hatchery | G22: 42192 | I22: 78 | J22: IJC19 | M22: =VLOOKUP(A22,assignments!A:Y,3,FALSE) -> #N/A
A23: EE18_31624 | B23: Coleman Hatchery | C23: adult | D23: 2018 | E23: ISO | F23: Coleman Hatchery | G23: 43393 | H23: fall | I23: 580 | J23: CNHA6 | M23: =VLOOKUP(A23,assignments!A:Y,3,FALSE) -> #N/A
A24: AL041514-1 | B24: Coleman Hatchery | C24: juvenile | D24: 2014 | E24: ISO | F24: Coleman Hatchery | G24: 41744 | H24: fall | I24: 68 | J24: IJD11 | K24: x | V24: SC_06_50034E | W24: 2006 | X24: SAC
A25: CNH2015-5 | B25: Coleman Hatchery | C25: juvenile | D25: 2015 | E25: ISO | F25: Coleman Hatchery | G25: 42192 | I25: 87 | J25: IJD12 | K25: x | V25: SC_06_50035E | W25: 2006 | X25: DEE
A26: AL040814-3 | B26: Coleman Hatchery | C26: juvenile | D26: 2014 | E26: ISO | F26: Coleman Hatchery | G26: 41737 | H26: fall | I26: 69 | J26: IJD16 | K26: x | V26: SC_06_50036E | W26: 2006 | X26: FEA
A27: CNH2015-7 | B27: Coleman Hatchery | C27: juvenile | D27: 2015 | E27: ISO | F27: Coleman Hatchery | G27: 42192 | I27: 95 | J27: IJD20 | K27: x | V27: SC_06_50037E | W27: 2006 | X27: BAT
A28: CNH19001 | B28: Coleman Hatchery | C28: juvenile | D28: 2019 | E28: ISO | F28: Coleman Hatchery | G28: 43586 | H28: fall | I28: 72 | J28: IJP01 | K28: x | V28: SC_06_50040E | W28: 2006 | X28: BAT
A29: CNH19003 | B29: Coleman Hatchery | C29: juvenile | D29: 2019 | E29: ISO | F29: Coleman Hatchery | G29: 43586 | H29: fall | I29: 65 | J29: IJP03 | K29: x | V29: SC_06_50042E | W29: 2006 | X29: DEE
A30: CNH19005 | B30: Coleman Hatchery | C30: juvenile | D30: 2019 | E30: ISO | F30: Coleman Hatchery | G30: 43586 | H30: fall | I30: 76 | J30: IJP04 | K30: x | V30: SC_06_50044E | W30: 2006 | X30: DEE
A31: CNH19006 | B31: Coleman Hatchery | C31: juvenile | D31: 2019 | E31: ISO | F31: Coleman Hatchery | G31: 43586 | H31: fall | I31: 81 | J31: IJP05 | K31: x | V31: SC_06_50045E | W31: 2006 | X31: BAT
A32: EE18_31420 | B32: Coleman Hatchery | C32: adult | D32: 2018 | E32: ISO | F32: Coleman Hatchery | G32: 43393 | H32: fall | I32: 550 | J32: TEAI1 | M32: =VLOOKUP(A32,assignments!A:Y,3,FALSE) -> #N/A
A33: EE18_31571 | B33: Coleman Hatchery | C33: adult | D33: 2018 | E33: ISO | F33: Coleman Hatchery | G33: 43393 | H33: fall | I33: 850 | J33: TEAI2 | M33: =VLOOKUP(A33,assignments!A:Y,3,FALSE) -> #N/A
A34: EE18_31620 | B34: Coleman Hatchery | C34: adult | D34: 2018 | E34: ISO | F34: Coleman Hatchery | G34: 43393 | H34: fall | I34: 590 | J34: TEAI3 | M34: =VLOOKUP(A34,assignments!A:Y,3,FALSE) -> #N/A
A35: EE18_31544 | B35: Coleman Hatchery | C35: adult | D35: 2018 | E35: ISO | F35: Coleman Hatchery | G35: 43393 | H35: fall | I35: 640 | J35: TEAI5 | M35: =VLOOKUP(A35,assignments!A:Y,3,FALSE) -> #N/A
A36: EE18_31613 | B36: Coleman Hatchery | C36: adult | D36: 2018 | E36: ISO | F36: Coleman Hatchery | G36: 43393 | H36: fall | I36: 650 | J36: TEAI6 | M36: =VLOOKUP(A36,assignments!A:Y,3,FALSE) -> #N/A
A37: CNH19007 | B37: Coleman Hatchery | C37: juvenile | D37: 2019 | E37: ISO | F37: Coleman Hatchery | G37: 43586 | H37: fall | I37: 85 | J37: IJP06 | M37: =VLOOKUP(A37,assignments!A:Y,3,FALSE) -> #N/A
A38: CNH19011 | B38: Coleman Hatchery | C38: juvenile | D38: 2019 | E38: ISO | F38: Coleman Hatchery | G38: 43586 | H38: fall | I38: 66 | J38: IJP07 | M38: =VLOOKUP(A38,assignments!A:Y,3,FALSE) -> #N/A
A39: CNH19012 | B39: Coleman Hatchery | C39: juvenile | D39: 2019 | E39: ISO | F39: Coleman Hatchery | G39: 43586 | H39: fall | I39: 77 | J39: IJP08 | M39: =VLOOKUP(A39,assignments!A:Y,3,FALSE) -> #N/A
A40: CNH19013 | B40: Coleman Hatchery | C40: juvenile | D40: 2019 | E40: ISO | F40: Coleman Hatchery | G40: 43586 | H40: fall | I40: 78 | J40: IJP09 | M40: =VLOOKUP(A40,assignments!A:Y,3,FALSE) -> #N/A
A41: ISO_14_040_01 | B41: battle creek | C41: juvenile | D41: 2014 | E41: ISO | F41: battle creek | G41: 41679 | J41: TEAH01 | K41: x | V41: SC_06_50102E | W41: 2006 | X41: BAT
A42: ISO_14_040_02 | B42: battle creek | C42: juvenile | D42: 2014 | E42: ISO | F42: battle creek | G42: 41679 | J42: TEAH02 | K42: x | V42: SC_07_50005E | W42: 2007 | X42: MIL
A43: ISO_14_040_03 | B43: battle creek | C43: juvenile | D43: 2014 | E43: ISO | F43: battle creek | G43: 41679 | J43: TEAH03 | K43: x | V43: SC_07_50006E | W43: 2007 | X43: BAT
A44: ISO_14_040_04 | B44: battle creek | C44: juvenile | D44: 2014 | E44: ISO | F44: battle creek | G44: 41679 | J44: TEAH04 | K44: x | V44: SC_07_50007E | W44: 2007 | X44: BAT
A45: ISO_14_040_05 | B45: battle creek | C45: juvenile | D45: 2014 | E45: ISO | F45: battle creek | G45: 41679 | J45: TEAH05 | K45: x | V45: SC_07_50009E | W45: 2007 | X45: CNH
A46: ISO_14_040_6 | B46: battle creek | C46: juvenile | D46: 2014 | E46: ISO | F46: battle creek | G46: 41679 | J46: TEAH06 | K46: x | V46: SC_07_50015E | W46: 2007 | X46: FRH
A47: ISO_14_040_7 | B47: battle creek | C47: juvenile | D47: 2014 | E47: ISO | F47: battle creek | G47: 41679 | J47: TEAH07 | K47: x | V47: SC_07_50016E | W47: 2007 | X47: DEE
A48: ISO_14_040_8 | B48: battle creek | C48: juvenile | D48: 2014 | E48: ISO | F48: battle creek | G48: 41679 | J48: TEAH08 | K48: x | V48: SC_07_50017E | W48: 2007 | X48: DEE
A49: ISO_55188 | B49: battle creek | C49: juvenile | D49: 2014 | E49: ISO | F49: battle creek | G49: 41697 | I49: 44 | J49: TEAH09 | K49: x | V49: SC_07_50018E | W49: 2007 | X49: BAT
A50: ISO_14_040_10 | B50: battle creek | C50: juvenile | D50: 2014 | E50: ISO | F50: battle creek | G50: 41679 | J50: TEAH10 | K50: x | V50: SC_07_50019E | W50: 2007 | X50: BAT
A51: ISO_14_040_11 | B51: battle creek | C51: juvenile | D51: 2014 | E51: ISO | F51: battle creek | G51: 41679 | J51: TEAH11 | K51: x | V51: SC_07_50020E | W51: 2007 | X51: MIL
A52: ISO_14_040_12 | B52: battle creek | C52: juvenile | D52: 2014 | E52: ISO | F52: battle creek | G52: 41679 | J52: TEAH12 | K52: x | V52: SC_07_50021E | W52: 2007 | X52: DEE
A53: ISO_14_040_13 | B53: battle creek | C53: juvenile | D53: 2014 | E53: ISO | F53: battle creek | G53: 41679 | J53: TEAH13 | K53: x | V53: SC_07_50022E | W53: 2007 | X53: BAT
A54: ISO_14_040_14 | B54: battle creek | C54: juvenile | D54: 2014 | E54: ISO | F54: battle creek | G54: 41679 | J54: TEAH14 | K54: x | V54: SC_07_50024E | W54: 2007 | X54: DEE
A55: ISO_127_14_2 | B55: battle creek | C55: juvenile | D55: 2014 | E55: ISO | F55: battle creek | G55: 41766 | I55: 88 | J55: TEAH16 | K55: x | V55: SC_07_50025E | W55: 2007 | X55: BAT
A56: ISO_127_14_1 | B56: battle creek | C56: juvenile | D56: 2014 | E56: ISO | F56: battle creek | G56: 41776 | I56: 90 | J56: TEAH17 | K56: x | V56: SC_07_50026E | W56: 2007 | X56: BAT
A57: ISO_55226 | B57: battle creek | C57: juvenile | D57: 2020 | E57: ISO | F57: battle creek | G57: 44183 | I57: 42 | J57: TEAH18 | K57: x | V57: SC_07_50028E | W57: 2007 | X57: Unknown
A58: ISO_14_040_9 | B58: battle creek | C58: juvenile | D58: 2014 | E58: ISO | F58: battle creek | G58: 41679 | J58: TEAH19 | K58: x | V58: SC_07_50031E | W58: 2007 | X58: DEE
A59: ISO_14_15 | B59: battle creek | C59: juvenile | D59: 2014 | E59: ISO | F59: battle creek | G59: 41759 | J59: TEAH20 | K59: x | V59: SC_07_50032E | W59: 2007 | X59: BAT
A60: CNH19014 | B60: Coleman Hatchery | C60: juvenile | D60: 2019 | E60: ISO | F60: Coleman Hatchery | G60: 43586 | H60: fall | I60: 68 | J60: IJP10 | M60: =VLOOKUP(A60,assignments!A:Y,3,FALSE) -> #N/A
A61: SC_05_50006E | B61: battle creek | C61: adult | D61: 2005 | E61: ISO | F61: Battle Creek | G61: 38623 | I61: 156 | J61: TEAF3 | M61: =VLOOKUP(A61,assignments!A:Y,3,FALSE) -> #N/A
A62: SC_05_50022E | B62: battle creek | C62: adult | D62: 2005 | E62: BCS | F62: Battle Creek | G62: 38651 | I62: 685 | J62: TSCEE1 | M62: =VLOOKUP(A62,assignments!A:Y,3,FALSE) -> SAC
A63: EE18_31342 | B63: Coleman Hatchery | C63: adult | D63: 2018 | E63: ISO | F63: Coleman Hatchery | G63: 43393 | H63: fall | I63: 690 | J63: TEAI4 | K63: x | L63: no cwt#, might not be coleman | V63: SC_07_50042E | W63: 2007 | X63: BAT
A64: SC_05_50017E | B64: battle creek | C64: adult | D64: 2005 | E64: BCS | F64: Battle Creek | G64: 38651 | J64: TSCEE2 | M64: =VLOOKUP(A64,assignments!A:Y,3,FALSE) -> DEE
A65: SC_05_50015E | B65: battle creek | C65: adult | D65: 2005 | E65: BCS | F65: Battle Creek | G65: 38651 | I65: 720 | J65: TSCEE3 | M65: =VLOOKUP(A65,assignments!A:Y,3,FALSE) -> CNH
A66: SC_05_50007E | B66: battle creek | C66: adult | D66: 2005 | E66: BCS | F66: Battle Creek | G66: 38637 | I66: 680 | J66: TSCEE4 | M66: =VLOOKUP(A66,assignments!A:Y,3,FALSE) -> DEE
A67: SC_06_50023E | B67: battle creek | C67: adult | D67: 2006 | E67: BCS | F67: Battle Creek | G67: 38993 | I67: 680 | J67: TSCEE5 | M67: =VLOOKUP(A67,assignments!A:Y,3,FALSE) -> BAT
A68: SC_06_50020E | B68: battle creek | C68: adult | D68: 2006 | E68: BCS | F68: Battle Creek | G68: 38993 | I68: 710 | J68: TSCEF1 | M68: =VLOOKUP(A68,assignments!A:Y,3,FALSE) -> DEE
A69: SC_06_50019E | B69: battle creek | C69: adult | D69: 2006 | E69: BCS | F69: Battle Creek | G69: 38993 | J69: TSCEF2 | M69: =VLOOKUP(A69,assignments!A:Y,3,FALSE) -> DEE
A70: SC_06_50018E | B70: battle creek | C70: adult | D70: 2006 | E70: BCS | F70: Battle Creek | G70: 38959 | I70: 668 | J70: TSCEF3 | M70: =VLOOKUP(A70,assignments!A:Y,3,FALSE) -> CNH
A71: SC_06_50017E | B71: battle creek | C71: adult | D71: 2006 | E71: BCS | F71: Battle Creek | G71: 38958 | I71: 670 | J71: TSCEF4 | K71: x | M71: =VLOOKUP(A71,assignments!A:Y,3,FALSE) -> FEA
A72: SC_06_50015E | B72: battle creek | C72: adult | D72: 2006 | E72: BCS | F72: Battle Creek | G72: 38992 | I72: 675 | J72: TSCEF5 | M72: =VLOOKUP(A72,assignments!A:Y,3,FALSE) -> MIL
A73: SC_06_50016E | B73: battle creek | C73: adult | D73: 2006 | E73: BCS | F73: Battle Creek | G73: 38992 | I73: 640 | J73: TSCEF6 | M73: =VLOOKUP(A73,assignments!A:Y,3,FALSE) -> BAT
A74: SC_06_50012E | B74: battle creek | C74: adult | D74: 2006 | E74: BCS | F74: Battle Creek | G74: 38978 | I74: 765 | J74: TSCEG1 | M74: =VLOOKUP(A74,assignments!A:Y,3,FALSE) -> CNH
A75: SC_06_50024E | B75: battle creek | C75: adult | D75: 2006 | E75: BCS | F75: Battle Creek | G75: 38994 | I75: 725 | J75: TSCEG2 | M75: =VLOOKUP(A75,assignments!A:Y,3,FALSE) -> BAT
A76: SC_06_50025E | B76: battle creek | C76: adult | D76: 2006 | E76: BCS | F76: Battle Creek | G76: 39020 | I76: 760 | J76: TSCEG3 | M76: =VLOOKUP(A76,assignments!A:Y,3,FALSE) -> BAT
A77: SC_06_50026E | B77: battle creek | C77: adult | D77: 2006 | E77: BCS | F77: Battle Creek | G77: 38993 | I77: 750 | J77: TSCEG4 | M77: =VLOOKUP(A77,assignments!A:Y,3,FALSE) -> BUT
A78: SC_06_50027E | B78: battle creek | C78: adult | D78: 2006 | E78: BCS | F78: Battle Creek | G78: 38993 | I78: 715 | J78: TSCEG5 | M78: =VLOOKUP(A78,assignments!A:Y,3,FALSE) -> CNH
A79: SC_06_50028E | B79: battle creek | C79: adult | D79: 2006 | E79: BCS | F79: Battle Creek | G79: 38993 | I79: 865 | J79: TSCEG6 | M79: =VLOOKUP(A79,assignments!A:Y,3,FALSE) -> BAT
A80: SC_06_50029E | B80: battle creek | C80: adult | D80: 2006 | E80: BCS | F80: Battle Creek | G80: 38993 | I80: 800 | J80: TSCEH1 | M80: =VLOOKUP(A80,assignments!A:Y,3,FALSE) -> MIL
A81: SC_06_50030E | B81: battle creek | C81: adult | D81: 2006 | E81: BCS | F81: Battle Creek | G81: 38993 | I81: 710 | J81: TSCEH2 | M81: =VLOOKUP(A81,assignments!A:Y,3,FALSE) -> BAT
A82: SC_06_50031E | B82: battle creek | C82: adult | D82: 2006 | E82: BCS | F82: Battle Creek | G82: 38993 | I82: 710 | J82: TSCEH3 | M82: =VLOOKUP(A82,assignments!A:Y,3,FALSE) -> Unknown
A83: SC_06_50032E | B83: battle creek | C83: adult | D83: 2006 | E83: BCS | F83: Battle Creek | G83: 38995 | I83: 660 | J83: TSCEH4 | M83: =VLOOKUP(A83,assignments!A:Y,3,FALSE) -> BAT
... A86: SC_06_50035E | B86: battle creek | C86: adult | D86: 2006 | E86: BCS | F86: Battle Creek | G86: 39020 | I86: 745 | J86: TSCEI1 | M86: =VLOOKUP(A86,assignments!A:Y,3,FALSE) -> DEE
A87: SC_06_50036E | B87: battle creek | C87: adult | D87: 2006 | E87: BCS | F87: Battle Creek | G87: 39021 | I87: 830 | J87: TSCEI2 | K87: x | M87: =VLOOKUP(A87,assignments!A:Y,3,FALSE) -> FEA
A88: SC_06_50037E | B88: battle creek | C88: adult | D88: 2006 | E88: BCS | F88: Battle Creek | G88: 39021 | J88: TSCEI3 | M88: =VLOOKUP(A88,assignments!A:Y,3,FALSE) -> BAT
A89: SC_06_50040E | B89: battle creek | C89: adult | D89: 2006 | E89: BCS | F89: Battle Creek | G89: 38995 | I89: 710 | J89: TSCEI4 | M89: =VLOOKUP(A89,assignments!A:Y,3,FALSE) -> BAT
A90: SC_06_50042E | B90: battle creek | C90: adult | D90: 2006 | E90: BCS | F90: Battle Creek | G90: 38995 | I90: 725 | J90: TSCEI5 | M90: =VLOOKUP(A90,assignments!A:Y,3,FALSE) -> DEE
A91: SC_06_50044E | B91: battle creek | C91: adult | D91: 2006 | E91: BCS | F91: Battle Creek | G91: 39021 | I91: 765 | J91: TSCEI6 | M91: =VLOOKUP(A91,assignments!A:Y,3,FALSE) -> DEE
A92: SC_06_50045E | B92: battle creek | C92: adult | D92: 2006 | E92: BCS | F92: Battle Creek | G92: 39021 | I92: 780 | J92: TSCEJ1 | M92: =VLOOKUP(A92,assignments!A:Y,3,FALSE) -> BAT
A93: SC_06_50046E | B93: battle creek | C93: adult | D93: 2006 | E93: BCS | F93: Battle Creek | G93: 39021 | I93: 795 | J93: TSCEJ2 | M93: =VLOOKUP(A93,assignments!A:Y,3,FALSE) -> BAT
A94: SC_06_50047E | B94: battle creek | C94: adult | D94: 2006 | E94: BCS | F94: Battle Creek | G94: 39021 | I94: 790 | J94: TSCEJ3 | M94: =VLOOKUP(A94,assignments!A:Y,3,FALSE) -> BAT
A95: SC_06_50048E | B95: battle creek | C95: adult | D95: 2006 | E95: BCS | F95: Battle Creek | G95: 39023 | I95: 755 | J95: TSCEJ4 | M95: =VLOOKUP(A95,assignments!A:Y,3,FALSE) -> MIL
A96: SC_06_50051E | B96: battle creek | C96: adult | D96: 2006 | E96: BCS | F96: Battle Creek | G96: 39021 | I96: 700 | J96: TSCEJ5 | M96: =VLOOKUP(A96,assignments!A:Y,3,FALSE) -> MIL
A97: SC_06_50052E | B97: battle creek | C97: adult | D97: 2006 | E97: BCS | F97: Battle Creek | G97: 39021 | I97: 835 | J97: TSCEJ6 | M97: =VLOOKUP(A97,assignments!A:Y,3,FALSE) -> BAT
A98: SC_06_50053E | B98: battle creek | C98: adult | D98: 2006 | E98: BCS | F98: Battle Creek | G98: 39021 | I98: 820 | J98: TSCEK1 | M98: =VLOOKUP(A98,assignments!A:Y,3,FALSE) -> BAT
A99: SC_06_50054E | B99: battle creek | C99: adult | D99: 2006 | E99: BCS | F99: Battle Creek | G99: 39023 | I99: 510 | J99: TSCEK2 | M99: =VLOOKUP(A99,assignments!A:Y,3,FALSE) -> BAT
A100: SC_06_50100E | B100: battle creek | C100: adult | D100: 2006 | E100: BCS | F100: Battle Creek | G100: 39021 | J100: TSCEK3 | M100: =VLOOKUP(A100,assignments!A:Y,3,FALSE) -> DEE
A101: SC_06_50101E | B101: battle creek | C101: adult | D101: 2006 | E101: BCS | F101: Battle Creek | G101: 39021 | J101: TSCEK4 | M101: =VLOOKUP(A101,assignments!A:Y,3,FALSE) -> BAT
A102: SC_06_50102E | B102: battle creek | C102: adult | D102: 2006 | E102: BCS | F102: Battle Creek | G102: 39023 | I102: 795 | J102: TSCEK5 | M102: =VLOOKUP(A102,assignments!A:Y,3,FALSE) -> BAT
...

Sheet assignments
A1: lab_id | B1: survey_year | C1: assignment | D1: age | E1: age_f | F1: age_f_rev | G1: FL_mm | H1: sex | I1: adipose_fin | J1: outmigration_year | K1: WY | L1: phenotype_mig | M1: simplified_classification | N1: simplified_classification_g | O1: natal_exit | P1: fw_exit | Q1: non_natal_rearing_prop | R1: n_all | S1: nat_n | T1: nat_perc | U1: nat_label | V1: nat_n_g | W1: nat_label_g | X1: survey_year_n | Y1: survey_year_label
A2: SC_05_50007E | B2: 2005 | C2: DEE | D2: 3 | E2: 3 | F2: 3 | G2: 680 | H2: female | I2: present | J2: 2003 | K2: AN | L2: NA | M2: MILDEE | N2: MILDEE | O2: NA | P2: 0 | Q2: NA | R2: 275 | S2: 67 | T2: 0.24363636 | U2: MILDEE_x000D_ N = 67 | V2: 67 | W2: MILDEE_x000D_ N = 67 | X2: 4 | Y2: 2005_x000D_ N = 4
A3: SC_05_50015E | B3: 2005 | C3: CNH | D3: 3 | E3: 3 | F3: 3 | G3: 720 | H3: female | I3: present | J3: 2003 | K3: AN | L3: NA | M3: Hatchery-strays | N3: Strays | O3: NA | P3: 0 | Q3: NA | R3: 275 | S3: 79 | T3: 0.41090909 | U3: Hatchery-strays_x000D_ N = 79 | V3: 113 | W3: Strays_x000D_ N = 113 | X3: 4 | Y3: 2005_x000D_ N = 4
A4: SC_05_50017E | B4: 2005 | C4: DEE | D4: 3 | E4: 3 | F4: 3 | G4: NA | H4: unknown | I4: present | J4: 2003 | K4: AN | L4: NA | M4: MILDEE | N4: MILDEE | O4: NA | P4: 0 | Q4: NA | R4: 275 | S4: 67 | T4: 0.24363636 | U4: MILDEE_x000D_ N = 67 | V4: 67 | W4: MILDEE_x000D_ N = 67 | X4: 4 | Y4: 2005_x000D_ N = 4
A5: SC_05_50022E | B5: 2005 | C5: SAC | D5: 3 | E5: 3 | F5: 3 | G5: 685 | H5: female | I5: present | J5: 2003 | K5: AN | L5: NA | M5: Wild-strays | N5: Strays | O5: NA | P5: 0 | Q5: NA | R5: 275 | S5: 34 | T5: 0.41090909 | U5: Wild-strays_x000D_ N = 34 | V5: 113 | W5: Strays_x000D_ N = 113 | X5: 4 | Y5: 2005_x000D_ N = 4
A6: SC_06_50012E | B6: 2006 | C6: CNH | D6: 3 | E6: 3 | F6: 3 | G6: 765 | H6: female | I6: present | J6: 2004 | K6: BN | L6: NA | M6: Hatchery-strays | N6: Strays | O6: NA | P6: 0 | Q6: NA | R6: 275 | S6: 79 | T6: 0.41090909 | U6: Hatchery-strays_x000D_ N = 79 | V6: 113 | W6: Strays_x000D_ N = 113 | X6: 36 | Y6: 2006_x000D_ N = 36
A7: SC_06_50015E | B7: 2006 | C7: MIL | D7: 3 | E7: 3 | F7: 3 | G7: 675 | H7: female | I7: present | J7: 2004 | K7: BN | L7: NA | M7: MILDEE | N7: MILDEE | O7: NA | P7: 0 | Q7: NA | R7: 275 | S7: 67 | T7: 0.24363636 | U7: MILDEE_x000D_ N = 67 | V7: 67 | W7: MILDEE_x000D_ N = 67 | X7: 36 | Y7: 2006_x000D_ N = 36
A8: SC_06_50016E | B8: 2006 | C8: BAT | D8: 2 | E8: 2 | F8: 2 | G8: 640 | H8: female | I8: present | J8: 2005 | K8: AN | L8: Fry | M8: BAT | N8: BAT | O8: 304.65448 | P8: 449.02485 | Q8: 0.54 | R8: 275 | S8: 79 | T8: 0.28727273 | U8: BAT_x000D_ N = 79 | V8: 79 | W8: BAT_x000D_ N = 79 | X8: 36 | Y8: 2006_x000D_ N = 36
A9: SC_06_50017E | B9: 2006 | C9: FEA | D9: 3 | E9: 3 | F9: 3 | G9: 670 | H9: male | I9: present | J9: 2004 | K9: BN | L9: NA | M9: Wild-strays | N9: Strays | O9: NA | P9: 0 | Q9: NA | R9: 275 | S9: 34 | T9: 0.41090909 | U9: Wild-strays_x000D_ N = 34 | V9: 113 | W9: Strays_x000D_ N = 113 | X9: 36 | Y9: 2006_x000D_ N = 36
A10: SC_06_50018E | B10: 2006 | C10: CNH | D10: 2 | E10: 2 | F10: 2 | G10: 668 | H10: female | I10: present | J10: 2005 | K10: AN | L10: NA | M10: Hatchery-strays | N10: Strays | O10: NA | P10: 0 | Q10: NA | R10: 275 | S10: 79 | T10: 0.41090909 | U10: Hatchery-strays_x000D_ N = 79 | V10: 113 | W10: Strays_x000D_ N = 113 | X10: 36 | Y10: 2006_x000D_ N = 36
A11: SC_06_50019E | B11: 2006 | C11: DEE | D11: 3 | E11: 3 | F11: 3 | G11: NA | H11: female | I11: present | J11: 2004 | K11: BN | L11: NA | M11: MILDEE | N11: MILDEE | O11: NA | P11: 0 | Q11: NA | R11: 275 | S11: 67 | T11: 0.24363636 | U11: MILDEE_x000D_ N = 67 | V11: 67 | W11: MILDEE_x000D_ N = 67 | X11: 36 | Y11: 2006_x000D_ N = 36
A12: SC_06_50020E | B12: 2006 | C12: DEE | D12: 3 | E12: 3 | F12: 3 | G12: 710 | H12: female | I12: present | J12: 2004 | K12: BN | L12: NA | M12: MILDEE | N12: MILDEE | O12: NA | P12: 0 | Q12: NA | R12: 275 | S12: 67 | T12: 0.24363636 | U12: MILDEE_x000D_ N = 67 | V12: 67 | W12: MILDEE_x000D_ N = 67 | X12: 36 | Y12: 2006_x000D_ N = 36
A13: SC_06_50023E | B13: 2006 | C13: BAT | D13: 2 | E13: 2 | F13: 2 | G13: 680 | H13: male | I13: present | J13: 2005 | K13: AN | L13: Smolt | M13: BAT | N13: BAT | O13: 438.66654 | P13: 513.6423 | Q13: 0.27 | R13: 275 | S13: 79 | T13: 0.28727273 | U13: BAT_x000D_ N = 79 | V13: 79 | W13: BAT_x000D_ N = 79 | X13: 36 | Y13: 2006_x000D_ N = 36
A14: SC_06_50024E | B14: 2006 | C14: BAT | D14: 3 | E14: 3 | F14: 3 | G14: 725 | H14: female | I14: present | J14: 2004 | K14: BN | L14: Fry | M14: BAT | N14: BAT | O14: 385.71754 | P14: 477.43735 | Q14: 0.29 | R14: 275 | S14: 79 | T14: 0.28727273 | U14: BAT_x000D_ N = 79 | V14: 79 | W14: BAT_x000D_ N = 79 | X14: 36 | Y14: 2006_x000D_ N = 36
A15: SC_06_50025E | B15: 2006 | C15: BAT | D15: 2 | E15: 2 | F15: 2 | G15: 760 | H15: female | I15: present | J15: 2005 | K15: AN | L15: Smolt | M15: BAT | N15: BAT | O15: 504.12529 | P15: 593.52956 | Q15: 0.3 | R15: 275 | S15: 79 | T15: 0.28727273 | U15: BAT_x000D_ N = 79 | V15: 79 | W15: BAT_x000D_ N = 79 | X15: 36 | Y15: 2006_x000D_ N = 36
A16: SC_06_50026E | B16: 2006 | C16: BUT | D16: 3 | E16: 3 | F16: 3 | G16: 750 | H16: male | I16: present | J16: 2004 | K16: BN | L16: NA | M16: Wild-strays | N16: Strays | O16: NA | P16: 0 | Q16: NA | R16: 275 | S16: 34 | T16: 0.41090909 | U16: Wild-strays_x000D_ N = 34 | V16: 113 | W16: Strays_x000D_ N = 113 | X16: 36 | Y16: 2006_x000D_ N = 36
A17: SC_06_50027E | B17: 2006 | C17: CNH | D17: 3 | E17: 3 | F17: 3 | G17: 715 | H17: male | I17: present | J17: 2004 | K17: BN | L17: NA | M17: Hatchery-strays | N17: Strays | O17: NA | P17: 0 | Q17: NA | R17: 275 | S17: 79 | T17: 0.41090909 | U17: Hatchery-strays_x000D_ N = 79 | V17: 113 | W17: Strays_x000D_ N = 113 | X17: 36 | Y17: 2006_x000D_ N = 36
A18: SC_06_50028E | B18: 2006 | C18: BAT | D18: 3 | E18: 3 | F18: 3 | G18: 865 | H18: male | I18: present | J18: 2004 | K18: BN | L18: Smolt | M18: BAT | N18: BAT | O18: 497.03572 | P18: 594.06254 | Q18: 0.26 | R18: 275 | S18: 79 | T18: 0.28727273 | U18: BAT_x000D_ N = 79 | V18: 79 | W18: BAT_x000D_ N = 79 | X18: 36 | Y18: 2006_x000D_ N = 36
A19: SC_06_50029E | B19: 2006 | C19: MIL | D19: 4 | E19: 4 | F19: 4 | G19: 800 | H19: female | I19: present | J19: 2003 | K19: AN | L19: NA | M19: MILDEE | N19: MILDEE | O19: NA | P19: 0 | Q19: NA | R19: 275 | S19: 67 | T19: 0.24363636 | U19: MILDEE_x000D_ N = 67 | V19: 67 | W19: MILDEE_x000D_ N = 67 | X19: 36 | Y19: 2006_x000D_ N = 36
A20: SC_06_50030E | B20: 2006 | C20: BAT | D20: 2 | E20: 2 | F20: 2 | G20: 710 | H20: female | I20: present | J20: 2005 | K20: AN | L20: Smolt | M20: BAT | N20: BAT | O20: 494.81722 | P20: 576.00659 | Q20: 0.23 | R20: 275 | S20: 79 | T20: 0.28727273 | U20: BAT_x000D_ N = 79 | V20: 79 | W20: BAT_x000D_ N = 79 | X20: 36 | Y20: 2006_x000D_ N = 36
A21: SC_06_50031E | B21: 2006 | C21: Unknown | D21: 3 | E21: 3 | F21: 3 | G21: 710 | H21: female | I21: present | J21: 2004 | K21: BN | L21: NA | M21: Unknown | N21: Unknown | O21: NA | P21: 0 | Q21: NA | R21: 275 | S21: 16 | T21: 0.058181818 | U21: Unknown_x000D_ N = 16 | V21: 16 | W21: Unknown_x000D_ N = 16 | X21: 36 | Y21: 2006_x000D_ N = 36
A22: SC_06_50032E | B22: 2006 | C22: BAT | D22: 2 | E22: 2 | F22: 2 | G22: 660 | H22: female | I22: present | J22: 2005 | K22: AN | L22: Smolt | M22: BAT | N22: BAT | O22: 479.849 | P22: 568.72174 | Q22: 0.25 | R22: 275 | S22: 79 | T22: 0.28727273 | U22: BAT_x000D_ N = 79 | V22: 79 | W22: BAT_x000D_ N = 79 | X22: 36 | Y22: 2006_x000D_ N = 36
A23: SC_06_50033E | B23: 2006 | C23: Unknown | D23: 3 | E23: 3 | F23: 3 | G23: 740 | H23: female | I23: present | J23: 2004 | K23: BN | L23: NA | M23: Unknown | N23: Unknown | O23: NA | P23: 0 | Q23: NA | R23: 275 | S23: 16 | T23: 0.058181818 | U23: Unknown_x000D_ N = 16 | V23: 16 | W23: Unknown_x000D_ N = 16 | X23: 36 | Y23: 2006_x000D_ N = 36
A24: SC_06_50034E | B24: 2006 | C24: SAC | D24: 3 | E24: 3 | F24: 3 | G24: 670 | H24: unknown | I24: present | J24: 2004 | K24: BN | L24: NA | M24: Wild-strays | N24: Strays | O24: NA | P24: 0 | Q24: NA | R24: 275 | S24: 34 | T24: 0.41090909 | U24: Wild-strays_x000D_ N = 34 | V24: 113 | W24: Strays_x000D_ N = 113 | X24: 36 | Y24: 2006_x000D_ N = 36
A25: SC_06_50035E | B25: 2006 | C25: DEE | D25: NA | E25: NA | F25: NA | G25: 745 | H25: female | I25: present | J25: NA | K25: NA | L25: NA | M25: MILDEE | N25: MILDEE | O25: NA | P25: 0 | Q25: NA | R25: 275 | S25: 67 | T25: 0.24363636 | U25: MILDEE_x000D_ N = 67 | V25: 67 | W25: MILDEE_x000D_ N = 67 | X25: 36 | Y25: 2006_x000D_ N = 36
A26: SC_06_50036E | B26: 2006 | C26: FEA | D26: 4 | E26: 4 | F26: 4 | G26: 830 | H26: male | I26: present | J26: 2003 | K26: AN | L26: NA | M26: Wild-strays | N26: Strays | O26: NA | P26: 0 | Q26: NA | R26: 275 | S26: 34 | T26: 0.41090909 | U26: Wild-strays_x000D_ N = 34 | V26: 113 | W26: Strays_x000D_ N = 113 | X26: 36 | Y26: 2006_x000D_ N = 36
A27: SC_06_50037E | B27: 2006 | C27: BAT | D27: 3 | E27: 3 | F27: 3 | G27: NA | H27: unknown | I27: present | J27: 2004 | K27: BN | L27: Smolt | M27: BAT | N27: BAT | O27: 470.67618 | P27: 560.0763 | Q27: 0.26 | R27: 275 | S27: 79 | T27: 0.28727273 | U27: BAT_x000D_ N = 79 | V27: 79 | W27: BAT_x000D_ N = 79 | X27: 36 | Y27: 2006_x000D_ N = 36
A28: SC_06_50040E | B28: 2006 | C28: BAT | D28: 2 | E28: 2 | F28: 2 | G28: 710 | H28: male | I28: present | J28: 2005 | K28: AN | L28: Fry | M28: BAT | N28: BAT | O28: 261.7692 | P28: 388.1202 | Q28: 0.47 | R28: 275 | S28: 79 | T28: 0.28727273 | U28: BAT_x000D_ N = 79 | V28: 79 | W28: BAT_x000D_ N = 79 | X28: 36 | Y28: 2006_x000D_ N = 36
A29: SC_06_50042E | B29: 2006 | C29: DEE | D29: 3 | E29: 3 | F29: 3 | G29: 725 | H29: female | I29: present | J29: 2004 | K29: BN | L29: NA | M29: MILDEE | N29: MILDEE | O29: NA | P29: 0 | Q29: NA | R29: 275 | S29: 67 | T29: 0.24363636 | U29: MILDEE_x000D_ N = 67 | V29: 67 | W29: MILDEE_x000D_ N = 67 | X29: 36 | Y29: 2006_x000D_ N = 36
A30: SC_06_50044E | B30: 2006 | C30: DEE | D30: 3 | E30: 3 | F30: 3 | G30: 765 | H30: female | I30: present | J30: 2004 | K30: BN | L30: NA | M30: MILDEE | N30: MILDEE | O30: NA | P30: 0 | Q30: NA | R30: 275 | S30: 67 | T30: 0.24363636 | U30: MILDEE_x000D_ N = 67 | V30: 67 | W30: MILDEE_x000D_ N = 67 | X30: 36 | Y30: 2006_x000D_ N = 36
A31: SC_06_50045E | B31: 2006 | C31: BAT | D31: 3 | E31: 3 | F31: 3 | G31: 780 | H31: female | I31: present | J31: 2004 | K31: BN | L31: Fry | M31: BAT | N31: BAT | O31: 393.66804 | P31: 502.14381 | Q31: 0.36 | R31: 275 | S31: 79 | T31: 0.28727273 | U31: BAT_x000D_ N = 79 | V31: 79 | W31: BAT_x000D_ N = 79 | X31: 36 | Y31: 2006_x000D_ N = 36
A32: SC_06_50046E | B32: 2006 | C32: BAT | D32: 3 | E32: 3 | F32: 3 | G32: 795 | H32: male | I32: present | J32: 2004 | K32: BN | L32: Fry | M32: BAT | N32: BAT | O32: 362.66523 | P32: 464.27072 | Q32: 0.42 | R32: 275 | S32: 79 | T32: 0.28727273 | U32: BAT_x000D_ N = 79 | V32: 79 | W32: BAT_x000D_ N = 79 | X32: 36 | Y32: 2006_x000D_ N = 36
A33: SC_06_50047E | B33: 2006 | C33: BAT | D33: 4 | E33: 4 | F33: 4 | G33: 790 | H33: female | I33: present | J33: 2003 | K33: AN | L33: Smolt | M33: BAT | N33: BAT | O33: 566.98364 | P33: 660.93897 | Q33: 0.28 | R33: 275 | S33: 79 | T33: 0.28727273 | U33: BAT_x000D_ N = 79 | V33: 79 | W33: BAT_x000D_ N = 79 | X33: 36 | Y33: 2006_x000D_ N = 36
A34: SC_06_50048E | B34: 2006 | C34: MIL | D34: 3 | E34: 3 | F34: 3 | G34: 755 | H34: female | I34: present | J34: 2004 | K34: BN | L34: NA | M34: MILDEE | N34: MILDEE | O34: NA | P34: 0 | Q34: NA | R34: 275 | S34: 67 | T34: 0.24363636 | U34: MILDEE_x000D_ N = 67 | V34: 67 | W34: MILDEE_x000D_ N = 67 | X34: 36 | Y34: 2006_x000D_ N = 36
A35: SC_06_50051E | B35: 2006 | C35: MIL | D35: 3 | E35: 3 | F35: 3 | G35: 700 | H35: female | I35: present | J35: 2004 | K35: BN | L35: NA | M35: MILDEE | N35: MILDEE | O35: NA | P35: 0 | Q35: NA | R35: 275 | S35: 67 | T35: 0.24363636 | U35: MILDEE_x000D_ N = 67 | V35: 67 | W35: MILDEE_x000D_ N = 67 | X35: 36 | Y35: 2006_x000D_ N = 36
A36: SC_06_50052E | B36: 2006 | C36: BAT | D36: 3 | E36: 3 | F36: 3 | G36: 835 | H36: male | I36: present | J36: 2004 | K36: BN | L36: Smolt | M36: BAT | N36: BAT | O36: 566.2578 | P36: 670.19708 | Q36: 0.29 | R36: 275 | S36: 79 | T36: 0.28727273 | U36: BAT_x000D_ N = 79 | V36: 79 | W36: BAT_x000D_ N = 79 | X36: 36 | Y36: 2006_x000D_ N = 36
A37: SC_06_50053E | B37: 2006 | C37: BAT | D37: 3 | E37: 3 | F37: 3 | G37: 820 | H37: male | I37: present | J37: 2004 | K37: BN | L37: Smolt | M37: BAT | N37: BAT | O37: 491.83192 | P37: 579.09022 | Q37: 0.35 | R37: 275 | S37: 79 | T37: 0.28727273 | U37: BAT_x000D_ N = 79 | V37: 79 | W37: BAT_x000D_ N = 79 | X37: 36 | Y37: 2006_x000D_ N = 36
A38: SC_06_50054E | B38: 2006 | C38: BAT | D38: 3 | E38: 3 | F38: 3 | G38: 510 | H38: unknown | I38: present | J38: 2004 | K38: BN | L38: Smolt | M38: BAT | N38: BAT | O38: 549.74748 | P38: 641.56134 | Q38: 0.22 | R38: 275 | S38: 79 | T38: 0.28727273 | U38: BAT_x000D_ N = 79 | V38: 79 | W38: BAT_x000D_ N = 79 | X38: 36 | Y38: 2006_x000D_ N = 36
A39: SC_06_50100E | B39: 2006 | C39: DEE | D39: 3 | E39: 3 | F39: 3 | G39: NA | H39: unknown | I39: present | J39: 2004 | K39: BN | L39: NA | M39: MILDEE | N39: MILDEE | O39: NA | P39: 0 | Q39: NA | R39: 275 | S39: 67 | T39: 0.24363636 | U39: MILDEE_x000D_ N = 67 | V39: 67 | W39: MILDEE_x000D_ N = 67 | X39: 36 | Y39: 2006_x000D_ N = 36
A40: SC_06_50101E | B40: 2006 | C40: BAT | D40: 3 | E40: 3 | F40: 3 | G40: NA | H40: female | I40: present | J40: 2004 | K40: BN | L40: Smolt | M40: BAT | N40: BAT | O40: 453.16571 | P40: 579.70389 | Q40: 0.35 | R40: 275 | S40: 79 | T40: 0.28727273 | U40: BAT_x000D_ N = 79 | V40: 79 | W40: BAT_x000D_ N = 79 | X40: 36 | Y40: 2006_x000D_ N = 36
A41: SC_06_50102E | B41: 2006 | C41: BAT | D41: 3 | E41: 3 | F41: 3 | G41: 800 | H41: female | I41: present | J41: 2004 | K41: BN | L41: Smolt | M41: BAT | N41: BAT | O41: 554.71446 | P41: 631.14568 | Q41: 0.16 | R41: 275 | S41: 79 | T41: 0.28727273 | U41: BAT_x000D_ N = 79 | V41: 79 | W41: BAT_x000D_ N = 79 | X41: 36 | Y41: 2006_x000D_ N = 36
A42: SC_07_50005E | B42: 2007 | C42: MIL | D42: 3 | E42: 3 | F42: 3 | G42: 720 | H42: female | I42: present | J42: 2005 | K42: AN | L42: NA | M42: MILDEE | N42: MILDEE | O42: NA | P42: 0 | Q42: NA | R42: 275 | S42: 67 | T42: 0.24363636 | U42: MILDEE_x000D_ N = 67 | V42: 67 | W42: MILDEE_x000D_ N = 67 | X42: 33 | Y42: 2007_x000D_ N = 33
A43: SC_07_50006E | B43: 2007 | C43: BAT | D43: 2 | E43: 2 | F43: 2 | G43: 650 | H43: female | I43: present | J43: 2006 | K43: W | L43: Smolt | M43: BAT | N43: BAT | O43: 418.1536 | P43: 497.07379 | Q43: 0.25 | R43: 275 | S43: 79 | T43: 0.28727273 | U43: BAT_x000D_ N = 79 | V43: 79 | W43: BAT_x000D_ N = 79 | X43: 33 | Y43: 2007_x000D_ N = 33
A44: SC_07_50007E | B44: 2007 | C44: BAT | D44: 3 | E44: 3 | F44: 3 | G44: 785 | H44: female | I44: present | J44: 2005 | K44: AN | L44: Smolt | M44: BAT | N44: BAT | O44: 549.70704 | P44: 650.50038 | Q44: 0.25 | R44: 275 | S44: 79 | T44: 0.28727273 | U44: BAT_x000D_ N = 79 | V44: 79 | W44: BAT_x000D_ N = 79 | X44: 33 | Y44: 2007_x000D_ N = 33
A45: SC_07_50009E | B45: 2007 | C45: CNH | D45: 4 | E45: 4 | F45: 4 | G45: 690 | H45: female | I45: present | J45: 2004 | K45: BN | L45: NA | M45: Hatchery-strays | N45: Strays | O45: NA | P45: 0 | Q45: NA | R45: 275 | S45: 79 | T45: 0.41090909 | U45: Hatchery-strays_x000D_ N = 79 | V45: 113 | W45: Strays_x000D_ N = 113 | X45: 33 | Y45: 2007_x000D_ N = 33
A46: SC_07_50015E | B46: 2007 | C46: FRH | D46: 3 | E46: 3 | F46: 3 | G46: 859 | H46: female | I46: present | J46: 2005 | K46: AN | L46: NA | M46: Hatchery-strays | N46: Strays | O46: NA | P46: 0 | Q46: NA | R46: 275 | S46: 79 | T46: 0.41090909 | U46: Hatchery-strays_x000D_ N = 79 | V46: 113 | W46: Strays_x000D_ N = 113 | X46: 33 | Y46: 2007_x000D_ N = 33
A47: SC_07_50016E | B47: 2007 | C47: DEE | D47: 3 | E47: 3 | F47: 3 | G47: NA | H47: unknown | I47: unknown | J47: 2005 | K47: AN | L47: NA | M47: MILDEE | N47: MILDEE | O47: NA | P47: 0 | Q47: NA | R47: 275 | S47: 67 | T47: 0.24363636 | U47: MILDEE_x000D_ N = 67 | V47: 67 | W47: MILDEE_x000D_ N = 67 | X47: 33 | Y47: 2007_x000D_ N = 33
A48: SC_07_50017E | B48: 2007 | C48: DEE | D48: 3 | E48: 3 | F48: 3 | G48: 765 | H48: male | I48: present | J48: 2005 | K48: AN | L48: NA | M48: MILDEE | N48: MILDEE | O48: NA | P48: 0 | Q48: NA | R48: 275 | S48: 67 | T48: 0.24363636 | U48: MILDEE_x000D_ N = 67 | V48: 67 | W48: MILDEE_x000D_ N = 67 | X48: 33 | Y48: 2007_x000D_ N = 33
A49: SC_07_50018E | B49: 2007 | C49: BAT | D49: 3 | E49: 3 | F49: 3 | G49: 700 | H49: female | I49: present | J49: 2005 | K49: AN | L49: Smolt | M49: BAT | N49: BAT | O49: 555.04562 | P49: 648.22717 | Q49: 0.27 | R49: 275 | S49: 79 | T49: 0.28727273 | U49: BAT_x000D_ N = 79 | V49: 79 | W49: BAT_x000D_ N = 79 | X49: 33 | Y49: 2007_x000D_ N = 33
A50: SC_07_50019E | B50: 2007 | C50: BAT | D50: 3 | E50: 3 | F50: 3 | G50: 840 | H50: unknown | I50: unknown | J50: 2005 | K50: AN | L50: Smolt | M50: BAT | N50: BAT | O50: 737.73175 | P50: 834.45527 | Q50: 0.16 | R50: 275 | S50: 79 | T50: 0.28727273 | U50: BAT_x000D_ N = 79 | V50: 79 | W50: BAT_x000D_ N = 79 | X50: 33 | Y50: 2007_x000D_ N = 33
A51: SC_07_50020E | B51: 2007 | C51: MIL | D51: 3 | E51: 3 | F51: 3 | G51: 750 | H51: male | I51: present | J51: 2005 | K51: AN | L51: NA | M51: MILDEE | N51: MILDEE | O51: NA | P51: 0 | Q51: NA | R51: 275 | S51: 67 | T51: 0.24363636 | U51: MILDEE_x000D_ N = 67 | V51: 67 | W51: MILDEE_x000D_ N = 67 | X51: 33 | Y51: 2007_x000D_ N = 33
A52: SC_07_50021E | B52: 2007 | C52: DEE | D52: 2 | E52: 2 | F52: 2 | G52: NA | H52: female | I52: present | J52: 2006 | K52: W | L52: NA | M52: MILDEE | N52: MILDEE | O52: NA | P52: 0 | Q52: NA | R52: 275 | S52: 67 | T52: 0.24363636 | U52: MILDEE_x000D_ N = 67 | V52: 67 | W52: MILDEE_x000D_ N = 67 | X52: 33 | Y52: 2007_x000D_ N = 33
A53: SC_07_50022E | B53: 2007 | C53: BAT | D53: 3 | E53: 3 | F53: 3 | G53: 720 | H53: female | I53: present | J53: 2005 | K53: AN | L53: Smolt | M53: BAT | N53: BAT | O53: 473.94441 | P53: 559.94526 | Q53: 0.25 | R53: 275 | S53: 79 | T53: 0.28727273 | U53: BAT_x000D_ N = 79 | V53: 79 | W53: BAT_x000D_ N = 79 | X53: 33 | Y53: 2007_x000D_ N = 33
A54: SC_07_50024E | B54: 2007 | C54: DEE | D54: 3 | E54: 3 | F54: 3 | G54: 860 | H54: female | I54: present | J54: 2005 | K54: AN | L54: NA | M54: MILDEE | N54: MILDEE | O54: NA | P54: 0 | Q54: NA | R54: 275 | S54: 67 | T54: 0.24363636 | U54: MILDEE_x000D_ N = 67 | V54: 67 | W54: MILDEE_x000D_ N = 67 | X54: 33 | Y54: 2007_x000D_ N = 33
A55: SC_07_50025E | B55: 2007 | C55: BAT | D55: 2 | E55: 2 | F55: 2 | G55: 640 | H55: unknown | I55: unknown | J55: 2006 | K55: W | L55: Smolt | M55: BAT | N55: BAT | O55: 517.01494 | P55: 604.20253 | Q55: 0.29 | R55: 275 | S55: 79 | T55: 0.28727273 | U55: BAT_x000D_ N = 79 | V55: 79 | W55: BAT_x000D_ N = 79 | X55: 33 | Y55: 2007_x000D_ N = 33
A56: SC_07_50026E | B56: 2007 | C56: BAT | D56: 4 | E56: 4 | F56: 4 | G56: 865 | H56: female | I56: present | J56: 2004 | K56: BN | L56: Fry | M56: BAT | N56: BAT | O56: 396.68609 | P56: 478.8002 | Q56: 0.32 | R56: 275 | S56: 79 | T56: 0.28727273 | U56: BAT_x000D_ N = 79 | V56: 79 | W56: BAT_x000D_ N = 79 | X56: 33 | Y56: 2007_x000D_ N = 33
A57: SC_07_50028E | B57: 2007 | C57: Unknown | D57: 4 | E57: 4 | F57: 4 | G57: 890 | H57: female | I57: present | J57: 2004 | K57: BN | L57: NA | M57: Unknown | N57: Unknown | O57: NA | P57: 0 | Q57: NA | R57: 275 | S57: 16 | T57: 0.058181818 | U57: Unknown_x000D_ N = 16 | V57: 16 | W57: Unknown_x000D_ N = 16 | X57: 33 | Y57: 2007_x000D_ N = 33
A58: SC_07_50031E | B58: 2007 | C58: DEE | D58: 3 | E58: 3 | F58: 3 | G58: NA | H58: unknown | I58: present | J58: 2005 | K58: AN | L58: NA | M58: MILDEE | N58: MILDEE | O58: NA | P58: 0 | Q58: NA | R58: 275 | S58: 67 | T58: 0.24363636 | U58: MILDEE_x000D_ N = 67 | V58: 67 | W58: MILDEE_x000D_ N = 67 | X58: 33 | Y58: 2007_x000D_ N = 33
A59: SC_07_50032E | B59: 2007 | C59: BAT | D59: 3 | E59: 3 | F59: 3 | G59: 742 | H59: female | I59: present | J59: 2005 | K59: AN | L59: Smolt | M59: BAT | N59: BAT | O59: 671.65908 | P59: 777.92569 | Q59: 0.19 | R59: 275 | S59: 79 | T59: 0.28727273 | U59: BAT_x000D_ N = 79 | V59: 79 | W59: BAT_x000D_ N = 79 | X59: 33 | Y59: 2007_x000D_ N = 33
A60: SC_07_50034E | B60: 2007 | C60: DEE | D60: 2 | E60: 2 | F60: 2 | G60: NA | H60: unknown | I60: unknown | J60: 2006 | K60: W | L60: NA | M60: MILDEE | N60: MILDEE | O60: NA | P60: 0 | Q60: NA | R60: 275 | S60: 67 | T60: 0.24363636 | U60: MILDEE_x000D_ N = 67 | V60: 67 | W60: MILDEE_x000D_ N = 67 | X60: 33 | Y60: 2007_x000D_ N = 33
A61: SC_07_50040E | B61: 2007 | C61: BAT | D61: 3 | E61: 3 | F61: 3 | G61: 850 | H61: female | I61: present | J61: 2005 | K61: AN | L61: Smolt | M61: BAT | N61: BAT | O61: 472.88925 | P61: 554.77068 | Q61: 0.24 | R61: 275 | S61: 79 | T61: 0.28727273 | U61: BAT_x000D_ N = 79 | V61: 79 | W61: BAT_x000D_ N = 79 | X61: 33 | Y61: 2007_x000D_ N = 33
A62: SC_07_50041E | B62: 2007 | C62: BAT | D62: 3 | E62: 3 | F62: 3 | G62: 670 | H62: male | I62: present | J62: 2005 | K62: AN | L62: Smolt | M62: BAT | N62: BAT | O62: 503.81174 | P62: 598.31698 | Q62: 0.25 | R62: 275 | S62: 79 | T62: 0.28727273 | U62: BAT_x000D_ N = 79 | V62: 79 | W62: BAT_x000D_ N = 79 | X62: 33 | Y62: 2007_x000D_ N = 33
A63: SC_07_50042E | B63: 2007 | C63: BAT | D63: 3 | E63: 3 | F63: 3 | G63: 715 | H63: female | I63: present | J63: 2005 | K63: AN | L63: Smolt | M63: BAT | N63: BAT | O63: 491.01971 | P63: 598.11717 | Q63: 0.36 | R63: 275 | S63: 79 | T63: 0.28727273 | U63: BAT_x000D_ N = 79 | V63: 79 | W63: BAT_x000D_ N = 79 | X63: 33 | Y63: 2007_x000D_ N = 33
A64: SC_07_50043E | B64: 2007 | C64: BAT | D64: 2 | E64: 2 | F64: 2 | G64: 780 | H64: female | I64: present | J64: 2006 | K64: W | L64: Smolt | M64: BAT | N64: BAT | O64: 716.29811 | P64: 836.20029 | Q64: 0.21 | R64: 275 | S64: 79 | T64: 0.28727273 | U64: BAT_x000D_ N = 79 | V64: 79 | W64: BAT_x000D_ N = 79 | X64: 33 | Y64: 2007_x000D_ N = 33
A65: SC_07_50044E | B65: 2007 | C65: DEE | D65: 2 | E65: 2 | F65: 2 | G65: 745 | H65: female | I65: present | J65: 2006 | K65: W | L65: NA | M65: MILDEE | N65: MILDEE | O65: NA | P65: 0 | Q65: NA | R65: 275 | S65: 67 | T65: 0.24363636 | U65: MILDEE_x000D_ N = 67 | V65: 67 | W65: MILDEE_x000D_ N = 67 | X65: 33 | Y65: 2007_x000D_ N = 33
A66: SC_07_50046E | B66: 2007 | C66: CNH | D66: 3 | E66: 3 | F66: 3 | G66: NA | H66: male | I66: unknown | J66: 2005 | K66: AN | L66: NA | M66: Hatchery-strays | N66: Strays | O66: NA | P66: 0 | Q66: NA | R66: 275 | S66: 79 | T66: 0.41090909 | U66: Hatchery-strays_x000D_ N = 79 | V66: 113 | W66: Strays_x000D_ N = 113 | X66: 33 | Y66: 2007_x000D_ N = 33
A67: SC_07_50047E | B67: 2007 | C67: MIL | D67: 3 | E67: 3 | F67: 3 | G67: 700 | H67: female | I67: present | J67: 2005 | K67: AN | L67: NA | M67: MILDEE | N67: MILDEE | O67: NA | P67: 0 | Q67: NA | R67: 275 | S67: 67 | T67: 0.24363636 | U67: MILDEE_x000D_ N = 67 | V67: 67 | W67: MILDEE_x000D_ N = 67 | X67: 33 | Y67: 2007_x000D_ N = 33
A68: SC_07_50049E | B68: 2007 | C68: BAT | D68: 3 | E68: 3 | F68: 3 | G68: 800 | H68: male | I68: present | J68: 2005 | K68: AN | L68: Smolt | M68: BAT | N68: BAT | O68: 612.20638 | P68: 706.69469 | Q68: 0.23 | R68: 275 | S68: 79 | T68: 0.28727273 | U68: BAT_x000D_ N = 79 | V68: 79 | W68: BAT_x000D_ N = 79 | X68: 33 | Y68: 2007_x000D_ N = 33
A69: SC_07_50050E | B69: 2007 | C69: MIL | D69: 3 | E69: 3 | F69: 3 | G69: 780 | H69: female | I69: present | J69: 2005 | K69: AN | L69: NA | M69: MILDEE | N69: MILDEE | O69: NA | P69: 0 | Q69: NA | R69: 275 | S69: 67 | T69: 0.24363636 | U69: MILDEE_x000D_ N = 67 | V69: 67 | W69: MILDEE_x000D_ N = 67 | X69: 33 | Y69: 2007_x000D_ N = 33
A70: SC_07_50054E | B70: 2007 | C70: Unknown | D70: 4 | E70: 4 | F70: 4 | G70: 825 | H70: female | I70: present | J70: 2004 | K70: BN | L70: NA | M70: Unknown | N70: Unknown | O70: NA | P70: 0 | Q70: NA | R70: 275 | S70: 16 | T70: 0.058181818 | U70: Unknown_x000D_ N = 16 | V70: 16 | W70: Unknown_x000D_ N = 16 | X70: 33 | Y70: 2007_x000D_ N = 33
A71: SC_07_50055E | B71: 2007 | C71: BAT | D71: 3 | E71: 3 | F71: 3 | G71: 750 | H71: female | I71: present | J71: 2005 | K71: AN | L71: Smolt | M71: BAT | N71: BAT | O71: 570.62313 | P71: 664.30745 | Q71: 0.21 | R71: 275 | S71: 79 | T71: 0.28727273 | U71: BAT_x000D_ N = 79 | V71: 79 | W71: BAT_x000D_ N = 79 | X71: 33 | Y71: 2007_x000D_ N = 33
A72: SC_07_50056E | B72: 2007 | C72: BAT | D72: 3 | E72: 3 | F72: 3 | G72: 655 | H72: female | I72: present | J72: 2005 | K72: AN | L72: Smolt | M72: BAT | N72: BAT | O72: 487.58638 | P72: 587.0938 | Q72: 0.35 | R72: 275 | S72: 79 | T72: 0.28727273 | U72: BAT_x000D_ N = 79 | V72: 79 | W72: BAT_x000D_ N = 79 | X72: 33 | Y72: 2007_x000D_ N = 33
A73: SC_07_50057E | B73: 2007 | C73: BAT | D73: 3 | E73: 3 | F73: 3 | G73: 775 | H73: female | I73: present | J73: 2005 | K73: AN | L73: Smolt | M73: BAT | N73: BAT | O73: 653.38165 | P73: 786.27284 | Q73: 0.27 | R73: 275 | S73: 79 | T73: 0.28727273 | U73: BAT_x000D_ N = 79 | V73: 79 | W73: BAT_x000D_ N = 79 | X73: 33 | Y73: 2007_x000D_ N = 33
A74: SC_07_50058E | B74: 2007 | C74: Unknown | D74: 3 | E74: 3 | F74: 3 | G74: 720 | H74: male | I74: present | J74: 2005 | K74: AN | L74: NA | M74: Unknown | N74: Unknown | O74: NA | P74: 0 | Q74: NA | R74: 275 | S74: 16 | T74: 0.058181818 | U74: Unknown_x000D_ N = 16 | V74: 16 | W74: Unknown_x000D_ N = 16 | X74: 33 | Y74: 2007_x000D_ N = 33
A75: SC_08_50005E | B75: 2008 | C75: CNH | D75: 2 | E75: 2 | F75: 2 | G75: 770 | H75: male | I75: present | J75: 2007 | K75: D | L75: NA | M75: Hatchery-strays | N75: Strays | O75: NA | P75: 0 | Q75: NA | R75: 275 | S75: 79 | T75: 0.41090909 | U75: Hatchery-strays_x000D_ N = 79 | V75: 113 | W75: Strays_x000D_ N = 113 | X75: 6 | Y75: 2008_x000D_ N = 6
A76: SC_08_50006E | B76: 2008 | C76: THE | D76: 3 | E76: 3 | F76: 3 | G76: 650 | H76: unknown | I76: present | J76: 2006 | K76: W | L76: NA | M76: Hatchery-strays | N76: Strays | O76: NA | P76: 0 | Q76: NA | R76: 275 | S76: 79 | T76: 0.41090909 | U76: Hatchery-strays_x000D_ N = 79 | V76: 113 | W76: Strays_x000D_ N = 113 | X76: 6 | Y76: 2008_x000D_ N = 6
A77: SC_08_50007E | B77: 2008 | C77: DEE | D77: 4 | E77: 4 | F77: 4 | G77: 970 | H77: unknown | I77: present | J77: 2005 | K77: AN | L77: NA | M77: MILDEE | N77: MILDEE | O77: NA | P77: 0 | Q77: NA | R77: 275 | S77: 67 | T77: 0.24363636 | U77: MILDEE_x000D_ N = 67 | V77: 67 | W77: MILDEE_x000D_ N = 67 | X77: 6 | Y77: 2008_x000D_ N = 6
A78: SC_08_50016E | B78: 2008 | C78: BUT | D78: 3 | E78: 3 | F78: 3 | G78: 760 | H78: female | I78: present | J78: 2006 | K78: W | L78: NA | M78: Wild-strays | N78: Strays | O78: NA | P78: 0 | Q78: NA | R78: 275 | S78: 34 | T78: 0.41090909 | U78: Wild-strays_x000D_ N = 34 | V78: 113 | W78: Strays_x000D_ N = 113 | X78: 6 | Y78: 2008_x000D_ N = 6
A79: SC_08_50017E | B79: 2008 | C79: FEA | D79: 3 | E79: 3 | F79: 3 | G79: 840 | H79: male | I79: present | J79: 2006 | K79: W | L79: NA | M79: Wild-strays | N79: Strays | O79: NA | P79: 0 | Q79: NA | R79: 275 | S79: 34 | T79: 0.41090909 | U79: Wild-strays_x000D_ N = 34 | V79: 113 | W79: Strays_x000D_ N = 113 | X79: 6 | Y79: 2008_x000D_ N = 6
A80: SC_09_50001E | B80: 2009 | C80: DEE | D80: 4 | E80: 4 | F80: 4 | G80: NA | H80: unknown | I80: unknown | J80: 2006 | K80: W | L80: NA | M80: MILDEE | N80: MILDEE | O80: NA | P80: 0 | Q80: NA | R80: 275 | S80: 67 | T80: 0.24363636 | U80: MILDEE_x000D_ N = 67 | V80: 67 | W80: MILDEE_x000D_ N = 67 | X80: 18 | Y80: 2009_x000D_ N = 18
A81: SC_09_50003E | B81: 2009 | C81: DEE | D81: 4 | E81: 4 | F81: 4 | G81: 810 | H81: male | I81: present | J81: 2006 | K81: W | L81: NA | M81: MILDEE | N81: MILDEE | O81: NA | P81: 0 | Q81: NA | R81: 275 | S81: 67 | T81: 0.24363636 | U81: MILDEE_x000D_ N = 67 | V81: 67 | W81: MILDEE_x000D_ N = 67 | X81: 18 | Y81: 2009_x000D_ N = 18
A82: SC_09_50004E | B82: 2009 | C82: BAT | D82: NA | E82: NA | F82: NA | G82: 855 | H82: male | I82: present | J82: NA | K82: NA | L82: Smolt | M82: BAT | N82: BAT | O82: 526.8337 | P82: 630.13442 | Q82: 0.31 | R82: 275 | S82: 79 | T82: 0.28727273 | U82: BAT_x000D_ N = 79 | V82: 79 | W82: BAT_x000D_ N = 79 | X82: 18 | Y82: 2009_x000D_ N = 18
A83: SC_09_50005E | B83: 2009 | C83: BAT | D83: 3 | E83: 3 | F83: 3 | G83: 720 | H83: unknown | I83: present | J83: 2007 | K83: D | L83: Fry | M83: BAT | N83: BAT | O83: 395.42348 | P83: 500.27441 | Q83: 0.37 | R83: 275 | S83: 79 | T83: 0.28727273 | U83: BAT_x000D_ N = 79 | V83: 79 | W83: BAT_x000D_ N = 79 | X83: 18 | Y83: 2009_x000D_ N = 18
A84: SC_09_50006E | B84: 2009 | C84: BAT | D84: NA | E84: NA | F84: NA | G84: 765 | H84: male | I84: present | J84: NA | K84: NA | L84: Fry | M84: BAT | N84: BAT | O84: 320.16618 | P84: 501.03489 | Q84: 0.6 | R84: 275 | S84: 79 | T84: 0.28727273 | U84: BAT_x000D_ N = 79 | V84: 79 | W84: BAT_x000D_ N = 79 | X84: 18 | Y84: 2009_x000D_ N = 18
A85: SC_09_50007E | B85: 2009 | C85: BAT | D85: 3 | E85: 3 | F85: 3 | G85: 820 | H85: female | I85: present | J85: 2007 | K85: D | L85: Smolt | M85: BAT | N85: BAT | O85: 602.71014 | P85: 702.97004 | Q85: 0.25 | R85: 275 | S85: 79 | T85: 0.28727273 | U85: BAT_x000D_ N = 79 | V85: 79 | W85: BAT_x000D_ N = 79 | X85: 18 | Y85: 2009_x000D_ N = 18
A86: SC_09_50008E | B86: 2009 | C86: MIL | D86: 3 | E86: 3 | F86: 3 | G86: 710 | H86: male | I86: present | J86: 2007 | K86: D | L86: NA | M86: MILDEE | N86: MILDEE | O86: NA | P86: 0 | Q86: NA | R86: 275 | S86: 67 | T86: 0.24363636 | U86: MILDEE_x000D_ N = 67 | V86: 67 | W86: MILDEE_x000D_ N = 67 | X86: 18 | Y86: 2009_x000D_ N = 18
A87: SC_09_50009E | B87: 2008 | C87: SAC | D87: 3 | E87: 3 | F87: 3 | G87: 840 | H87: male | I87: present | J87: 2006 | K87: W | L87: NA | M87: Wild-strays | N87: Strays | O87: NA | P87: 0 | Q87: NA | R87: 275 | S87: 34 | T87: 0.41090909 | U87: Wild-strays_x000D_ N = 34 | V87: 113 | W87: Strays_x000D_ N = 113 | X87: 6 | Y87: 2008_x000D_ N = 6
A88: SC_09_50011E | B88: 2009 | C88: CNH | D88: 2 | E88: 2 | F88: 2 | G88: 770 | H88: female | I88: present | J88: 2008 | K88: C | L88: NA | M88: Hatchery-strays | N88: Strays | O88: NA | P88: 0 | Q88: NA | R88: 275 | S88: 79 | T88: 0.41090909 | U88: Hatchery-strays_x000D_ N = 79 | V88: 113 | W88: Strays_x000D_ N = 113 | X88: 18 | Y88: 2009_x000D_ N = 18
A89: SC_09_50012E | B89: 2009 | C89: DEE | D89: 3 | E89: 3 | F89: 3 | G89: NA | H89: female | I89: present | J89: 2007 | K89: D | L89: NA | M89: MILDEE | N89: MILDEE | O89: NA | P89: 0 | Q89: NA | R89: 275 | S89: 67 | T89: 0.24363636 | U89: MILDEE_x000D_ N = 67 | V89: 67 | W89: MILDEE_x000D_ N = 67 | X89: 18 | Y89: 2009_x000D_ N = 18
A90: SC_09_50013E | B90: 2009 | C90: BAT | D90: 3 | E90: 3 | F90: 3 | G90: 650 | H90: male | I90: present | J90: 2007 | K90: D | L90: Smolt | M90: BAT | N90: BAT | O90: 400.4199 | P90: 505.05589 | Q90: 0.37 | R90: 275 | S90: 79 | T90: 0.28727273 | U90: BAT_x000D_ N = 79 | V90: 79 | W90: BAT_x000D_ N = 79 | X90: 18 | Y90: 2009_x000D_ N = 18
A91: SC_09_50014E | B91: 2009 | C91: DEE | D91: 3 | E91: 3 | F91: 3 | G91: NA | H91: male | I91: unknown | J91: 2007 | K91: D | L91: NA | M91: MILDEE | N91: MILDEE | O91: NA | P91: 0 | Q91: NA | R91: 275 | S91: 67 | T91: 0.24363636 | U91: MILDEE_x000D_ N = 67 | V91: 67 | W91: MILDEE_x000D_ N = 67 | X91: 18 | Y91: 2009_x000D_ N = 18
A92: SC_09_50015E | B92: 2009 | C92: Unknown | D92: 3 | E92: 3 | F92: 3 | G92: 840 | H92: male | I92: present | J92: 2007 | K92: D | L92: NA | M92: Unknown | N92: Unknown | O92: NA | P92: 0 | Q92: NA | R92: 275 | S92: 16 | T92: 0.058181818 | U92: Unknown_x000D_ N = 16 | V92: 16 | W92: Unknown_x000D_ N = 16 | X92: 18 | Y92: 2009_x000D_ N = 18
A93: SC_09_50016E | B93: 2009 | C93: CNH | D93: 2 | E93: 2 | F93: 2 | G93: 800 | H93: male | I93: unknown | J93: 2008 | K93: C | L93: NA | M93: Hatchery-strays | N93: Strays | O93: NA | P93: 0 | Q93: NA | R93: 275 | S93: 79 | T93: 0.41090909 | U93: Hatchery-strays_x000D_ N = 79 | V93: 113 | W93: Strays_x000D_ N = 113 | X93: 18 | Y93: 2009_x000D_ N = 18
A94: SC_09_50017E | B94: 2009 | C94: BAT | D94: 3 | E94: 3 | F94: 3 | G94: 810 | H94: female | I94: present | J94: 2007 | K94: D | L94: Yearling | M94: BAT | N94: BAT | O94: 762.1733 | P94: 891.22031 | Q94: 0.19 | R94: 275 | S94: 79 | T94: 0.28727273 | U94: BAT_x000D_ N = 79 | V94: 79 | W94: BAT_x000D_ N = 79 | X94: 18 | Y94: 2009_x000D_ N = 18
A95: SC_09_50021E | B95: 2009 | C95: CNH | D95: 3 | E95: 3 | F95: 3 | G95: 710 | H95: unknown | I95: present | J95: 2007 | K95: D | L95: NA | M95: Hatchery-strays | N95: Strays | O95: NA | P95: 0 | Q95: NA | R95: 275 | S95: 79 | T95: 0.41090909 | U95: Hatchery-strays_x000D_ N = 79 | V95: 113 | W95: Strays_x000D_ N = 113 | X95: 18 | Y95: 2009_x000D_ N = 18
A96: SC_09_50022E | B96: 2009 | C96: DEE | D96: 3 | E96: 3 | F96: 3 | G96: 760 | H96: unknown | I96: present | J96: 2007 | K96: D | L96: NA | M96: MILDEE | N96: MILDEE | O96: NA | P96: 0 | Q96: NA | R96: 275 | S96: 67 | T96: 0.24363636 | U96: MILDEE_x000D_ N = 67 | V96: 67 | W96: MILDEE_x000D_ N = 67 | X96: 18 | Y96: 2009_x000D_ N = 18
A97: SC_09_50023E | B97: 2009 | C97: DEE | D97: 4 | E97: 4 | F97: 4 | G97: 715 | H97: female | I97: present | J97: 2006 | K97: W | L97: NA | M97: MILDEE | N97: MILDEE | O97: NA | P97: 0 | Q97: NA | R97: 275 | S97: 67 | T97: 0.24363636 | U97: MILDEE_x000D_ N = 67 | V97: 67 | W97: MILDEE_x000D_ N = 67 | X97: 18 | Y97: 2009_x000D_ N = 18
A98: SC_09_50024E | B98: 2009 | C98: FEA | D98: 4 | E98: 4 | F98: 4 | G98: 875 | H98: female | I98: present | J98: 2006 | K98: W | L98: NA | M98: Wild-strays | N98: Strays | O98: NA | P98: 0 | Q98: NA | R98: 275 | S98: 34 | T98: 0.41090909 | U98: Wild-strays_x000D_ N = 34 | V98: 113 | W98: Strays_x000D_ N = 113 | X98: 18 | Y98: 2009_x000D_ N = 18
A99: SC_10_50000E | B99: 2010 | C99: MOH | D99: 3 | E99: 3 | F99: 3 | G99: 800 | H99: female | I99: absent | J99: 2008 | K99: C | L99: NA | M99: Hatchery-strays | N99: Strays | O99: NA | P99: 0 | Q99: NA | R99: 275 | S99: 79 | T99: 0.41090909 | U99: Hatchery-strays_x000D_ N = 79 | V99: 113 | W99: Strays_x000D_ N = 113 | X99: 28 | Y99: 2010_x000D_ N = 28
A100: SC_10_50002E | B100: 2010 | C100: MOH | D100: NA | E100: NA | F100: NA | G100: 770 | H100: male | I100: absent | J100: NA | K100: NA | L100: NA | M100: Hatchery-strays | N100: Strays | O100: NA | P100: 0 | Q100: NA | R100: 275 | S100: 79 | T100: 0.41090909 | U100: Hatchery-strays_x000D_ N = 79 | V100: 113 | W100: Strays_x000D_ N = 113 | X100: 28 | Y100: 2010_x000D_ N = 28
...

Sheet Sheet1
A1: Overlapping sources that we want to prioritize for TE (plus 22 CNH) = BAT, SAC, BUT, MIL, DEE, CNH
A3: Methods:
A4: 40x40
A5: 5um/s
A6: 10Hz
A7: Preablation settings??
A9: Element list:
A10: Mg24
A11: Ca43
A12: Ca44
A13: Mn55
A14: Zn66
... A24: YO10 5NG, York,
